{
  "P100": 0.6470588235294118,
  "P089": 1.0,
  "P095": 1.0,
  "P054": 0.5869565217391305,
  "P080": 0.6346153846153846,
  "P037": 1.0,
  "P030": 0.6415094339622641,
  "P035": 1.0,
  "P027": 1.0,
  "P007": 0.6382978723404256,
  "P023": 1.0,
  "P036": 0.5981308411214953,
  "P048": 0.6608695652173913,
  "P029": 0.6530612244897959,
  "P043": 1.0,
  "P026": 0.6956521739130435,
  "P064": 1.0,
  "P063": 1.0,
  "P067": 0.5925925925925926,
  "P049": 1.0,
  "P040": 0.48484848484848486,
  "P025": 1.0,
  "P072": 0.6138613861386139,
  "P074": 1.0,
  "P022": 0.68,
  "P069": 1.0,
  "P009": 1.0,
  "P068": 0.78,
  "P041": 0.5111111111111111,
  "P065": 0.6666666666666666,
  "P099": 1.0,
  "P050": 0.625,
  "P078": 0.6021505376344086,
  "P088": 1.0,
  "P087": 0.5473684210526316,
  "P084": 0.6,
  "P006": 1.0,
  "P097": 0.5773195876288659,
  "P082": 0.7692307692307693,
  "P042": 1.0,
  "P053": 0.7413793103448276,
  "P044": 0.6153846153846154,
  "P008": 1.0,
  "P005": 0.6122448979591837,
  "P058": 0.6538461538461539,
  "P013": 1.0,
  "P045": 1.0,
  "P060": 0.6813186813186813,
  "P055": 1.0,
  "P046": 1.0,
  "P085": 1.0,
  "P091": 1.0,
  "P004": 0.5660377358490566,
  "P086": 0.7111111111111111,
  "P016": 0.5714285714285714,
  "P033": 0.6611570247933884,
  "P077": 1.0,
  "P017": 0.7021276595744681,
  "P014": 0.6862745098039216,
  "P002": 1.0,
  "P020": 0.5263157894736842,
  "P059": 0.7835051546391752,
  "P062": 0.7157894736842105,
  "P061": 1.0,
  "P094": 0.7070707070707071,
  "P098": 0.7446808510638298,
  "P081": 1.0,
  "P039": 0.5283018867924528,
  "P032": 0.6923076923076923,
  "P051": 0.6238532110091743,
  "P011": 0.6862745098039216,
  "P056": 0.5684210526315789,
  "P057": 0.58,
  "P024": 0.7228915662650602,
  "P047": 0.7032967032967034,
  "P018": 1.0,
  "P092": 0.5961538461538461,
  "P079": 0.6666666666666666,
  "P071": 0.6,
  "P019": 0.6346153846153846,
  "P021": 1.0,
  "P001": 1.0,
  "P052": 1.0,
  "P038": 0.6990291262135923,
  "P076": 1.0,
  "P034": 0.6226415094339622,
  "P070": 0.6666666666666666,
  "P010": 0.5050505050505051,
  "P012": 1.0,
  "P003": 0.6727272727272727,
  "P093": 0.6923076923076923,
  "P073": 0.5,
  "P066": 0.5681818181818182,
  "P015": 0.6326530612244898,
  "P031": 0.5945945945945946,
  "P075": 1.0,
  "P083": 0.6274509803921569,
  "P028": 0.6736842105263158,
  "P096": 0.5765765765765766,
  "P090": 0.6875
}